bod,cruc,cruc.mass,cruc.leaf,cruc.ash,leaf,ash,prop.OM,AFDM
1,17,30.5141,30.5527,30.5309,0.0386000000000024,0.0167999999999999,0.564766839378267,0.0218000000000025
2,18,29.4362,29.473,29.4472,0.0367999999999995,0.0109999999999992,0.701086956521756,0.0258000000000003
3,19,28.547,28.5782,28.5577,0.0311999999999983,0.0106999999999999,0.657051282051266,0.0204999999999984
4,20,29.1382,29.1532,29.1441,0.0149999999999970,0.00590000000000046,0.606666666666558,0.00909999999999656
5,21,31.0017,31.0313,31.013,0.0296000000000021,0.0113000000000021,0.6182432432432,0.0183
6,22,26.9369,26.9732,26.948,0.0362999999999971,0.011099999999999,0.694214876033061,0.0251999999999981
7,23,28.8154,28.853,28.8266,0.0376000000000012,0.0111999999999988,0.70212765957451,0.0264000000000024
8,24,29.3969,29.4262,29.4053,0.0293000000000028,0.00840000000000174,0.713310580204746,0.0209000000000010
