CPOM,tot.OM,leaf.OM,sed.OM
yes,3.32425,0.0750499999999998,3.2492
no,3.2492,0,3.2492
