Rstd,Rblk,Vstd,Nstd,E,Vreg,DOreg
1.22333333333333,-0.0433333333333333,0.2,0.01,5598,0.17,0.00153
