Rstd,Rblk,Vstd,Nstd,E,Vreg,DOreg
1.28,-0.0233333333333331,0.2,0.01,5598,0.17,0.00153
