Rstd,Rblk,Vstd,Nstd,E,Vreg,DOreg
1.25333333333333,-0.00333333333333326,0.2,0.01,5598,0.17,0.00153
