Rstd,Rblk,Vstd,Nstd,E,Vreg,DOreg
1.27333333333333,0.0166666666666668,0.2,0.01,5598,0.17,0.00153
