Rstd,Rblk,Vstd,Nstd,E,Vreg,DOreg
1.29666666666667,0.00666666666666667,0.2,0.01,5598,0.17,0.00153
