Rstd,Rblk,Vstd,Nstd,E,Vreg,DOreg
1.25666666666667,0.0200000000000002,0.2,0.01,5598,0.17,0.00153
