Rstd,Rblk,Vstd,Nstd,E,Vreg,DOreg
1.29333333333333,-1.29,0.2,0.01,5598,0.17,0.00153
